n_estimators,max_depth,learning_rate,subsample,colsample_bytree
619,6,0.17410831880393024,0.9091987415477414,0.8725015297674288
